epoch,time,train/box_loss,train/cls_loss,train/dfl_loss,metrics/precision(B),metrics/recall(B),metrics/mAP50(B),metrics/mAP50-95(B),val/box_loss,val/cls_loss,val/dfl_loss,lr/pg0,lr/pg1,lr/pg2
1,11.6705,2.01646,3.53943,2.43494,0.57381,0.04819,0.02601,0.01074,3.1987,4.14475,3.52103,0.000163399,0.000163399,0.0674837
2,23.6288,2.0917,2.99048,2.41653,0.51511,0.07229,0.00848,0.00238,2.81224,17.7385,3.82606,0.000330045,0.000330045,0.034317
3,35.5433,2.15053,2.9754,2.59882,0.00756,0.41956,0.00601,0.00162,2.86659,inf,7.42366,0.000496611,0.000496611,0.00115021
4,47.4744,2.19834,2.88002,2.5888,0.00924,0.46846,0.00986,0.00331,2.32672,inf,3.4378,0.000499725,0.000499725,0.000499725
5,59.3031,2.05964,2.74378,2.4623,0.00355,0.33133,0.00602,0.00198,2.4223,344.554,3.29716,0.000499512,0.000499512,0.000499512
6,71.1334,2.12209,2.64154,2.48865,0.01414,0.30652,0.01128,0.004,2.4336,37.0623,3.35223,0.000499237,0.000499237,0.000499237
7,82.9466,2.0858,2.61528,2.49037,0.07852,0.20482,0.06033,0.01984,2.22749,13.191,3.02221,0.000498902,0.000498902,0.000498902
8,95.4299,2.04815,2.55787,2.39502,0.65597,0.13253,0.1374,0.05039,2.35322,3.63789,2.8378,0.000498505,0.000498505,0.000498505
9,107.912,2.06337,2.58925,2.43108,0.61955,0.22289,0.14496,0.04654,2.21218,11.9759,2.93836,0.000498048,0.000498048,0.000498048
10,119.94,1.9848,2.51293,2.32999,0.60823,0.21084,0.1086,0.0368,2.27404,5.21615,2.82963,0.000497531,0.000497531,0.000497531
11,131.768,1.99946,2.43807,2.34535,0.14326,0.19277,0.15089,0.04986,2.23339,5.38274,2.74629,0.000496953,0.000496953,0.000496953
12,143.588,1.93289,2.35755,2.31007,0.25363,0.44164,0.21874,0.10462,2.07889,8.50485,2.6156,0.000496315,0.000496315,0.000496315
13,155.86,1.96663,2.43358,2.35168,0.27217,0.37668,0.21501,0.08766,2.15832,7.99418,2.69145,0.000495616,0.000495616,0.000495616
14,167.526,1.94362,2.43841,2.30585,0.71115,0.16867,0.24907,0.10022,1.94481,8.63211,2.50917,0.000494858,0.000494858,0.000494858
15,179.194,1.88409,2.35758,2.28338,0.35346,0.34054,0.31969,0.12633,2.11856,5.40758,2.75928,0.000494039,0.000494039,0.000494039
16,191.584,1.85129,2.25559,2.23022,0.76623,0.24096,0.36226,0.1286,1.97915,5.36781,2.61166,0.000493162,0.000493162,0.000493162
17,204.067,1.83768,2.26245,2.23729,0.46655,0.33381,0.38082,0.13077,2.16706,3.34568,2.74356,0.000492224,0.000492224,0.000492224
18,216.459,1.76575,2.2625,2.21335,0.32632,0.38604,0.30371,0.12869,2.0548,4.1122,2.60338,0.000491228,0.000491228,0.000491228
19,228.214,1.87852,2.25257,2.24772,0.5712,0.32759,0.42499,0.18439,1.96993,5.07321,2.50242,0.000490173,0.000490173,0.000490173
20,240.988,1.82665,2.31821,2.23261,0.57902,0.48434,0.39648,0.16758,2.0974,4.21912,2.64595,0.000489059,0.000489059,0.000489059
21,252.749,1.78577,2.23052,2.17156,0.49157,0.4107,0.42363,0.17848,2.0361,2.93051,2.72274,0.000487886,0.000487886,0.000487886
22,264.555,1.74599,2.18083,2.13962,0.45744,0.45752,0.43003,0.18716,1.86931,2.8615,2.37629,0.000486656,0.000486656,0.000486656
23,276.96,1.70641,2.05345,2.10349,0.45608,0.41743,0.42049,0.17675,2.02306,2.30671,2.47407,0.000485368,0.000485368,0.000485368
24,288.717,1.73857,2.00313,2.1225,0.74149,0.36947,0.48579,0.22549,1.94733,2.91329,2.44727,0.000484022,0.000484022,0.000484022
25,301.186,1.76471,2.09512,2.16183,0.38653,0.48157,0.43094,0.17648,1.98586,3.58809,2.51118,0.00048262,0.00048262,0.00048262
26,312.904,1.72389,2.00231,2.11183,0.58594,0.54262,0.55169,0.23853,1.9179,5.13897,2.51573,0.00048116,0.00048116,0.00048116
27,326.663,1.69094,2.01889,2.0554,0.45181,0.68285,0.53421,0.23713,2.17368,4.19489,2.90868,0.000479644,0.000479644,0.000479644
28,338.44,1.73435,2.08871,2.12958,0.49561,0.46421,0.49075,0.21717,1.94048,4.73388,2.5034,0.000478072,0.000478072,0.000478072
29,351.466,1.70002,2.03882,2.12852,0.4418,0.4985,0.50387,0.24758,1.90813,4.43689,2.4285,0.000476445,0.000476445,0.000476445
30,363.927,1.69809,2.00924,2.0662,0.53929,0.3879,0.44242,0.20574,2.10052,2.52896,2.58262,0.000474762,0.000474762,0.000474762
31,375.67,1.7218,2.07323,2.09736,0.54059,0.4837,0.50133,0.20708,2.12254,2.43751,2.59424,0.000473024,0.000473024,0.000473024
32,387.42,1.65142,1.96821,2.06421,0.36556,0.51782,0.41917,0.19792,1.97557,4.10321,2.60847,0.000471232,0.000471232,0.000471232
33,399.26,1.71061,2.03684,2.1152,0.58597,0.59993,0.60374,0.30203,1.71318,2.69536,2.24393,0.000469386,0.000469386,0.000469386
34,411.702,1.66329,1.97908,2.03518,0.49011,0.5121,0.5048,0.23648,1.93034,3.04744,2.45581,0.000467486,0.000467486,0.000467486
35,423.454,1.6082,1.8773,2.02253,0.48231,0.53107,0.51459,0.24545,1.92501,3.07648,2.40203,0.000465534,0.000465534,0.000465534
36,435.196,1.61777,1.9224,1.98469,0.55133,0.53047,0.5294,0.27624,1.94507,3.06706,2.45947,0.000463528,0.000463528,0.000463528
37,446.913,1.65573,1.79232,2.01557,0.61081,0.50643,0.53124,0.30242,1.68766,2.18034,2.23406,0.000461471,0.000461471,0.000461471
38,459.642,1.63241,1.78873,1.98118,0.5911,0.47176,0.4832,0.24535,1.76269,2.51887,2.29841,0.000459362,0.000459362,0.000459362
39,471.478,1.63295,1.90599,2.02331,0.52069,0.48127,0.47306,0.23731,1.93438,3.52066,2.42979,0.000457202,0.000457202,0.000457202
40,483.265,1.55135,1.79875,1.95896,0.56696,0.52468,0.59371,0.31369,1.87353,2.99358,2.46961,0.000454992,0.000454992,0.000454992
41,495.732,1.68066,1.89578,2.07494,0.60172,0.55457,0.61568,0.32679,1.68666,2.45086,2.21591,0.000452732,0.000452732,0.000452732
42,508.216,1.65457,1.85667,2.0309,0.7839,0.47025,0.64526,0.35122,1.62235,3.47807,2.23515,0.000450422,0.000450422,0.000450422
43,520.651,1.60556,1.82183,2.03955,0.58064,0.5124,0.55573,0.27859,1.77975,3.4253,2.33815,0.000448063,0.000448063,0.000448063
44,532.409,1.63817,1.78218,2.02323,0.54446,0.64422,0.58059,0.26691,2.05562,2.2708,2.69672,0.000445657,0.000445657,0.000445657
45,544.217,1.60572,1.83388,1.97056,0.67089,0.63702,0.62559,0.3222,2.00065,2.99917,2.56505,0.000443202,0.000443202,0.000443202
46,556.03,1.62518,1.81046,1.98752,0.59128,0.65081,0.62504,0.32951,1.90198,2.84137,2.36116,0.0004407,0.0004407,0.0004407
47,568.065,1.55568,1.77877,1.9033,0.65066,0.45655,0.5348,0.2458,2.06551,3.70415,2.70991,0.000438152,0.000438152,0.000438152
48,579.839,1.55538,1.76858,1.95534,0.67469,0.41602,0.55111,0.25619,1.94313,2.63228,2.46669,0.000435559,0.000435559,0.000435559
49,591.647,1.57879,1.73061,1.96137,0.789,0.51271,0.63692,0.35446,1.7961,2.90929,2.33553,0.00043292,0.00043292,0.00043292
50,604.115,1.59206,1.71633,1.94393,0.76883,0.48859,0.60397,0.31929,1.98987,2.4003,2.62725,0.000430236,0.000430236,0.000430236
51,615.861,1.6088,1.65658,2.00302,0.58964,0.66627,0.65105,0.35314,1.6224,2.19816,2.14066,0.000427509,0.000427509,0.000427509
52,627.631,1.56075,1.75741,1.92782,0.61307,0.68498,0.6824,0.3615,1.8054,2.48698,2.28747,0.000424738,0.000424738,0.000424738
53,640.087,1.51322,1.64583,1.91672,0.72784,0.704,0.69703,0.42176,1.5263,2.36409,2.11814,0.000421925,0.000421925,0.000421925
54,652.509,1.53623,1.69404,1.9622,0.66524,0.5277,0.67075,0.34185,1.88558,2.29634,2.44122,0.000419071,0.000419071,0.000419071
55,664.263,1.53999,1.64343,1.93056,0.74152,0.57242,0.70846,0.4213,1.55807,1.87894,2.11071,0.000416175,0.000416175,0.000416175
56,676.027,1.55704,1.68733,1.92048,0.68949,0.64352,0.70448,0.3665,1.78789,2.21702,2.26186,0.000413238,0.000413238,0.000413238
57,688.145,1.47333,1.69558,1.87409,0.78901,0.53038,0.64484,0.35687,1.86992,2.63383,2.5001,0.000410262,0.000410262,0.000410262
58,699.889,1.47079,1.60237,1.85698,0.6468,0.5606,0.59855,0.33939,1.81995,2.60756,2.3033,0.000407248,0.000407248,0.000407248
59,711.707,1.48006,1.66139,1.86434,0.62425,0.53301,0.63785,0.36759,1.68008,2.02463,2.15989,0.000404194,0.000404194,0.000404194
60,723.521,1.49985,1.60073,1.88105,0.93874,0.49975,0.67561,0.41225,1.58613,1.92828,2.04915,0.000401104,0.000401104,0.000401104
61,735.308,1.49478,1.617,1.88902,0.63399,0.5347,0.62011,0.33089,1.70743,3.61095,2.21346,0.000397977,0.000397977,0.000397977
62,747.085,1.49412,1.6218,1.88836,0.68856,0.53896,0.67076,0.38504,1.5326,2.10912,2.04825,0.000394814,0.000394814,0.000394814
63,758.798,1.45798,1.53172,1.85587,0.63599,0.71478,0.75423,0.42993,1.56397,1.81496,2.11997,0.000391616,0.000391616,0.000391616
64,771.682,1.44644,1.58736,1.82807,0.79008,0.59346,0.7232,0.3858,1.76385,2.00067,2.26282,0.000388383,0.000388383,0.000388383
65,783.467,1.41547,1.50712,1.82665,0.5485,0.62084,0.64276,0.32517,2.13797,2.59928,2.68221,0.000385117,0.000385117,0.000385117
66,795.481,1.39922,1.51436,1.80894,0.71756,0.63218,0.69704,0.38841,1.75959,2.3729,2.33485,0.000381818,0.000381818,0.000381818
67,807.256,1.40359,1.47826,1.82632,0.70216,0.62615,0.68155,0.34361,1.71246,2.08603,2.2144,0.000378488,0.000378488,0.000378488
68,819.065,1.40262,1.45328,1.79905,0.78147,0.6141,0.7145,0.37461,1.78728,2.2136,2.25809,0.000375126,0.000375126,0.000375126
69,830.84,1.42906,1.46997,1.81128,0.79925,0.60416,0.77291,0.4501,1.53681,1.95358,2.11222,0.000371734,0.000371734,0.000371734
70,843.31,1.483,1.51168,1.84954,0.74603,0.62544,0.74815,0.41716,1.67158,1.77676,2.16588,0.000368313,0.000368313,0.000368313
71,854.934,1.37062,1.46038,1.80365,0.64658,0.69702,0.7397,0.42342,1.55635,1.90651,2.12726,0.000364863,0.000364863,0.000364863
72,866.596,1.45127,1.48604,1.80233,0.79552,0.54394,0.71899,0.38311,1.69134,2.08019,2.23466,0.000361385,0.000361385,0.000361385
73,878.274,1.42038,1.43413,1.8129,0.63339,0.69946,0.67894,0.35553,1.74933,1.94677,2.31391,0.00035788,0.00035788,0.00035788
74,890.226,1.46362,1.46216,1.88976,0.75541,0.62133,0.74831,0.43086,1.58483,2.35137,2.12246,0.00035435,0.00035435,0.00035435
75,901.935,1.46184,1.47315,1.80364,0.6719,0.72681,0.74157,0.42909,1.69838,2.18659,2.15644,0.000350794,0.000350794,0.000350794
76,913.706,1.41202,1.47198,1.80736,0.79475,0.66549,0.78083,0.42913,1.68163,1.98616,2.15215,0.000347214,0.000347214,0.000347214
77,925.381,1.41161,1.44164,1.8218,0.70036,0.73848,0.7589,0.38548,1.59057,1.64435,2.10788,0.000343611,0.000343611,0.000343611
78,937.125,1.44166,1.45196,1.82041,0.65094,0.71863,0.75861,0.39752,1.63893,2.13714,2.16407,0.000339985,0.000339985,0.000339985
79,948.913,1.45431,1.46283,1.84024,0.80658,0.531,0.69975,0.36242,1.66217,1.78678,2.10417,0.000336338,0.000336338,0.000336338
80,960.647,1.40007,1.40712,1.78627,0.70617,0.63739,0.69389,0.39583,1.60592,1.85574,2.08639,0.00033267,0.00033267,0.00033267
81,972.416,1.32865,1.34105,1.75653,0.62262,0.66856,0.70762,0.40683,1.65249,2.3956,2.13794,0.000328982,0.000328982,0.000328982
82,984.153,1.40385,1.32297,1.78459,0.63809,0.66479,0.70178,0.38592,1.6619,1.72346,2.16585,0.000325275,0.000325275,0.000325275
83,996.14,1.42721,1.36333,1.8098,0.8804,0.60135,0.75542,0.42026,1.73598,1.67025,2.19679,0.00032155,0.00032155,0.00032155
84,1007.96,1.44613,1.37996,1.82131,0.72314,0.71899,0.7918,0.39361,1.88018,1.79635,2.35914,0.000317809,0.000317809,0.000317809
85,1019.77,1.35585,1.31851,1.74071,0.74262,0.7197,0.75555,0.39784,1.80901,1.85001,2.35203,0.000314051,0.000314051,0.000314051
86,1031.52,1.33464,1.35807,1.76934,0.77571,0.74183,0.77012,0.43552,1.69007,1.80603,2.16651,0.000310278,0.000310278,0.000310278
87,1043.28,1.40847,1.3723,1.78866,0.87147,0.63367,0.78444,0.44958,1.56257,1.69875,2.02562,0.00030649,0.00030649,0.00030649
88,1055.03,1.34388,1.35033,1.72206,0.66394,0.70411,0.7226,0.40308,1.73032,1.67515,2.15347,0.00030269,0.00030269,0.00030269
89,1066.79,1.33117,1.32996,1.78177,0.70923,0.73777,0.77212,0.43875,1.61678,1.65564,2.10585,0.000298877,0.000298877,0.000298877
90,1078.55,1.37157,1.34728,1.80223,0.66297,0.70263,0.71718,0.41536,1.66671,1.85576,2.16327,0.000295052,0.000295052,0.000295052
91,1090.59,1.36686,1.2953,1.79394,0.74628,0.57867,0.674,0.41112,1.57448,1.80393,2.0362,0.000291218,0.000291218,0.000291218
92,1102.36,1.31874,1.33516,1.73831,0.71995,0.72644,0.73297,0.41147,1.90698,2.8505,2.48854,0.000287373,0.000287373,0.000287373
93,1114.16,1.29844,1.28933,1.72119,0.75795,0.76187,0.79069,0.45318,1.58629,1.78208,2.0516,0.00028352,0.00028352,0.00028352
94,1126.69,1.34929,1.27388,1.73258,0.67475,0.72644,0.7566,0.45879,1.47839,1.4772,2.00305,0.000279659,0.000279659,0.000279659
95,1139.07,1.36573,1.28095,1.75909,0.62915,0.74026,0.75555,0.4705,1.64659,1.60318,2.18792,0.000275792,0.000275792,0.000275792
96,1151.53,1.29804,1.26129,1.70783,0.83002,0.57982,0.75726,0.46233,1.47886,1.47235,1.98864,0.000271919,0.000271919,0.000271919
97,1163.34,1.34112,1.27433,1.7445,0.67058,0.76127,0.75741,0.45827,1.52648,1.65501,2.03302,0.000268041,0.000268041,0.000268041
98,1175.09,1.26085,1.1952,1.67491,0.71199,0.73317,0.74748,0.46485,1.52355,1.53196,2.01424,0.000264159,0.000264159,0.000264159
99,1186.86,1.27517,1.227,1.69308,0.80439,0.73246,0.78203,0.43852,1.6226,1.39734,2.08524,0.000260274,0.000260274,0.000260274
100,1198.94,1.29415,1.24702,1.68627,0.78678,0.691,0.77354,0.46863,1.52374,1.59321,2.03779,0.000256388,0.000256388,0.000256388
101,1210.67,1.27729,1.21253,1.65544,0.88013,0.65975,0.78664,0.47209,1.53164,2.13525,2.0511,0.0002525,0.0002525,0.0002525
102,1223.15,1.26662,1.25626,1.68149,0.8149,0.69957,0.79417,0.4663,1.52046,2.33047,2.11945,0.000248612,0.000248612,0.000248612
103,1234.93,1.25719,1.22261,1.67654,0.70467,0.72534,0.77856,0.4627,1.5353,1.6617,2.03042,0.000244726,0.000244726,0.000244726
104,1246.71,1.26932,1.23082,1.69411,0.88766,0.65672,0.78571,0.47721,1.55827,1.57214,2.03008,0.000240841,0.000240841,0.000240841
105,1259.25,1.26374,1.20348,1.66113,0.82129,0.69702,0.7958,0.47152,1.49775,1.46479,2.02537,0.000236959,0.000236959,0.000236959
106,1271.04,1.2857,1.22096,1.6941,0.94084,0.63119,0.79451,0.45769,1.54019,1.47264,2.05152,0.000233081,0.000233081,0.000233081
107,1282.85,1.30858,1.21135,1.69482,0.76831,0.7175,0.76893,0.45286,1.49,1.37324,2.04805,0.000229208,0.000229208,0.000229208
108,1294.82,1.2578,1.18855,1.66122,0.7897,0.62084,0.75865,0.44509,1.49744,1.57504,2.05217,0.000225341,0.000225341,0.000225341
109,1306.93,1.21317,1.13636,1.60864,0.78036,0.66159,0.75632,0.44699,1.57457,1.77287,2.04781,0.00022148,0.00022148,0.00022148
110,1318.75,1.26203,1.14564,1.65228,0.80508,0.66675,0.78381,0.46944,1.53767,1.71189,2.00982,0.000217627,0.000217627,0.000217627
111,1330.53,1.22769,1.09723,1.62707,0.74494,0.70305,0.75343,0.44971,1.57524,1.52759,2.0938,0.000213782,0.000213782,0.000213782
112,1342.38,1.22988,1.12401,1.6194,0.79433,0.68204,0.77445,0.45228,1.47441,1.47893,2.01924,0.000209948,0.000209948,0.000209948
113,1354.28,1.21288,1.14847,1.6157,0.8701,0.65517,0.7766,0.47919,1.45271,1.42288,1.97491,0.000206123,0.000206123,0.000206123
114,1366.96,1.21405,1.10178,1.65283,0.81623,0.6623,0.78508,0.47151,1.46059,1.64715,2.01129,0.00020231,0.00020231,0.00020231
115,1378.72,1.19877,1.1166,1.59534,0.86825,0.7253,0.82092,0.50811,1.43963,1.50726,1.96896,0.00019851,0.00019851,0.00019851
116,1391.19,1.20663,1.11627,1.6224,0.8609,0.64741,0.80518,0.48526,1.45818,1.38707,1.98563,0.000194722,0.000194722,0.000194722
117,1403.03,1.21512,1.09149,1.62232,0.76268,0.73848,0.81098,0.49752,1.42573,1.25293,1.98396,0.000190949,0.000190949,0.000190949
118,1415.13,1.20955,1.12966,1.62489,0.8176,0.749,0.81683,0.49661,1.37879,1.24963,1.95436,0.000187191,0.000187191,0.000187191
119,1426.91,1.1756,1.04717,1.58355,0.89457,0.67777,0.81831,0.4929,1.54085,1.27928,2.10227,0.00018345,0.00018345,0.00018345
120,1438.68,1.20646,1.14929,1.60861,0.76197,0.70202,0.80794,0.47203,1.58252,1.55059,2.11397,0.000179725,0.000179725,0.000179725
121,1450.5,1.21918,1.08567,1.62193,0.85938,0.70204,0.79991,0.47911,1.48694,1.45291,1.99737,0.000176018,0.000176018,0.000176018
122,1462.24,1.19888,1.06964,1.60773,0.84319,0.70376,0.80125,0.45826,1.55484,1.42008,2.06617,0.00017233,0.00017233,0.00017233
123,1473.92,1.17671,1.04327,1.59077,0.88538,0.64352,0.80081,0.48447,1.44595,1.50712,1.97065,0.000168662,0.000168662,0.000168662
124,1485.58,1.12886,1.04316,1.54573,0.70829,0.78192,0.80578,0.48059,1.47463,1.35267,1.98364,0.000165015,0.000165015,0.000165015
125,1497.28,1.16649,1.05618,1.58372,0.82383,0.72788,0.81992,0.50819,1.4545,1.40053,1.97444,0.000161389,0.000161389,0.000161389
126,1509.57,1.18631,1.05794,1.57769,0.74684,0.76258,0.80071,0.50955,1.43458,1.70778,1.99525,0.000157786,0.000157786,0.000157786
127,1522.22,1.15705,1.05757,1.58503,0.76315,0.69235,0.78897,0.48333,1.49677,1.51481,2.01175,0.000154206,0.000154206,0.000154206
128,1534,1.14517,0.99063,1.59864,0.84786,0.64954,0.79918,0.48201,1.39939,1.39518,1.95359,0.00015065,0.00015065,0.00015065
129,1545.81,1.14444,1.05895,1.54827,0.79089,0.736,0.82438,0.50251,1.51827,1.50077,2.04762,0.00014712,0.00014712,0.00014712
130,1557.59,1.15907,1.04945,1.57945,0.77068,0.7438,0.82048,0.50086,1.48221,1.45335,2.03677,0.000143615,0.000143615,0.000143615
131,1569.37,1.13698,1.02467,1.53493,0.73493,0.73443,0.81779,0.51883,1.35371,1.25873,1.93251,0.000140137,0.000140137,0.000140137
132,1581.85,1.16957,1.02035,1.58258,0.86783,0.6623,0.8051,0.52772,1.3218,1.27156,1.93129,0.000136687,0.000136687,0.000136687
133,1594.33,1.13034,0.99718,1.55125,0.9065,0.64158,0.80321,0.50573,1.36603,1.19911,1.93932,0.000133266,0.000133266,0.000133266
134,1606.14,1.10803,1.00082,1.52282,0.92279,0.59996,0.77065,0.4931,1.43309,1.21739,1.96467,0.000129874,0.000129874,0.000129874
135,1618.22,1.12151,1.03991,1.53604,0.93135,0.63973,0.8003,0.50709,1.44141,1.23927,1.96276,0.000126512,0.000126512,0.000126512
136,1629.97,1.17356,0.98948,1.56558,0.94426,0.68498,0.81467,0.53561,1.41384,1.16848,1.93612,0.000123182,0.000123182,0.000123182
137,1642.48,1.13986,0.98265,1.57711,0.93785,0.6669,0.81825,0.53709,1.3937,1.27471,1.90912,0.000119883,0.000119883,0.000119883
138,1654.94,1.06482,0.96796,1.50946,0.89936,0.66343,0.81735,0.51268,1.4873,1.24078,1.98394,0.000116617,0.000116617,0.000116617
139,1666.69,1.14388,0.98252,1.56055,0.87042,0.69702,0.81552,0.53816,1.41106,1.19813,1.94102,0.000113384,0.000113384,0.000113384
140,1679.2,1.13913,0.98047,1.54957,0.84239,0.66159,0.80777,0.51679,1.49614,1.37237,1.9515,0.000110186,0.000110186,0.000110186
141,1691,1.12586,0.9872,1.54776,0.82017,0.69141,0.81551,0.52352,1.4358,1.35708,1.94177,0.000107023,0.000107023,0.000107023
142,1702.8,1.07773,0.94573,1.50123,0.92781,0.68381,0.80023,0.52551,1.41447,1.29729,1.93041,0.000103896,0.000103896,0.000103896
143,1714.65,1.08613,0.94442,1.53018,0.84056,0.69954,0.79901,0.52477,1.42309,1.40835,1.92174,0.000100806,0.000100806,0.000100806
144,1726.7,1.08218,0.95004,1.50007,0.88647,0.64352,0.79188,0.50741,1.40126,1.33271,1.93196,9.77524e-05,9.77524e-05,9.77524e-05
145,1738.5,1.0699,0.93371,1.50615,0.82122,0.67966,0.7868,0.51383,1.35048,1.31871,1.89679,9.47376e-05,9.47376e-05,9.47376e-05
146,1750.29,1.06098,0.89213,1.50699,0.71047,0.7935,0.79882,0.51439,1.37491,1.30377,1.90783,9.17616e-05,9.17616e-05,9.17616e-05
147,1762.19,1.10617,0.99329,1.51724,0.77232,0.725,0.80454,0.52943,1.38426,1.33114,1.89593,8.88253e-05,8.88253e-05,8.88253e-05
148,1774.02,1.0344,0.89056,1.47401,0.71594,0.79731,0.80964,0.53091,1.40409,1.29906,1.93476,8.59294e-05,8.59294e-05,8.59294e-05
149,1785.87,1.02024,0.90945,1.45899,0.91308,0.68358,0.81652,0.5437,1.37025,1.20584,1.9019,8.30746e-05,8.30746e-05,8.30746e-05
150,1798.42,1.04714,0.89951,1.49405,0.82203,0.73655,0.82383,0.52204,1.39499,1.25687,1.92524,8.02616e-05,8.02616e-05,8.02616e-05
151,1810.21,1.09143,0.90967,1.49737,0.79609,0.69587,0.81746,0.50205,1.48565,1.28645,2.01203,7.74911e-05,7.74911e-05,7.74911e-05
152,1822.04,1.0547,0.91777,1.48386,0.7631,0.74799,0.81643,0.52215,1.43744,1.26088,1.97157,7.47637e-05,7.47637e-05,7.47637e-05
153,1834.16,1.01985,0.90143,1.4686,0.8727,0.69702,0.82686,0.53496,1.36392,1.3029,1.89447,7.20803e-05,7.20803e-05,7.20803e-05
154,1845.97,1.09568,0.93492,1.51682,0.86872,0.70907,0.82745,0.53544,1.41206,1.40439,1.93506,6.94413e-05,6.94413e-05,6.94413e-05
155,1857.79,1.06732,0.90301,1.48298,0.90026,0.71356,0.83038,0.54096,1.34404,1.3301,1.89814,6.68475e-05,6.68475e-05,6.68475e-05
156,1869.66,1.05237,0.89832,1.47905,0.68392,0.82187,0.82486,0.54322,1.32551,1.27652,1.88741,6.42995e-05,6.42995e-05,6.42995e-05
157,1881.47,1.01732,0.85417,1.43949,0.82416,0.71439,0.8202,0.52731,1.39464,1.31521,1.95185,6.1798e-05,6.1798e-05,6.1798e-05
158,1893.39,1.0796,0.9158,1.49852,0.85131,0.73931,0.82855,0.53113,1.35256,1.28041,1.91386,5.93435e-05,5.93435e-05,5.93435e-05
159,1905.23,1.04071,0.87838,1.44853,0.91788,0.70907,0.82458,0.51195,1.41106,1.30962,1.94689,5.69366e-05,5.69366e-05,5.69366e-05
160,1916.97,1.00836,0.84542,1.43157,0.85166,0.71221,0.83888,0.52672,1.38126,1.38029,1.93158,5.4578e-05,5.4578e-05,5.4578e-05
161,1928.81,1.0356,0.90489,1.48097,0.78808,0.72532,0.82759,0.53652,1.40667,1.42596,1.9313,5.22683e-05,5.22683e-05,5.22683e-05
162,1940.87,1.02505,0.81569,1.439,0.8228,0.72524,0.83805,0.55799,1.35966,1.38183,1.87699,5.00079e-05,5.00079e-05,5.00079e-05
163,1953.28,0.96735,0.81384,1.41636,0.88937,0.68383,0.83806,0.55796,1.35141,1.29242,1.89632,4.77976e-05,4.77976e-05,4.77976e-05
164,1965.11,0.9787,0.85331,1.43659,0.92405,0.66538,0.83365,0.5501,1.39153,1.3023,1.92585,4.56377e-05,4.56377e-05,4.56377e-05
165,1976.87,1.03983,0.87314,1.49326,0.89241,0.70234,0.8265,0.54179,1.48215,1.50588,1.9747,4.35288e-05,4.35288e-05,4.35288e-05
166,1988.72,0.99201,0.81929,1.41624,0.8806,0.73848,0.84236,0.55836,1.37646,1.29069,1.89878,4.14716e-05,4.14716e-05,4.14716e-05
167,2001.83,1.00927,0.80969,1.44868,0.86139,0.76258,0.84309,0.5591,1.3482,1.23821,1.88321,3.94663e-05,3.94663e-05,3.94663e-05
168,2014.29,1.02393,0.90476,1.47277,0.85689,0.74668,0.8407,0.5605,1.36255,1.18092,1.90979,3.75137e-05,3.75137e-05,3.75137e-05
169,2026.86,1.01758,0.8513,1.43091,0.91624,0.71835,0.84355,0.55377,1.43904,1.19551,1.9741,3.56141e-05,3.56141e-05,3.56141e-05
170,2038.91,0.98777,0.85841,1.42788,0.90375,0.75656,0.85388,0.55753,1.40215,1.10097,1.93603,3.3768e-05,3.3768e-05,3.3768e-05
171,2050.67,1.01225,0.85639,1.43044,0.90528,0.75111,0.85798,0.56469,1.3984,1.11905,1.93766,3.19759e-05,3.19759e-05,3.19759e-05
172,2063.25,0.98076,0.83791,1.41081,0.90979,0.7498,0.85275,0.56836,1.38244,1.15337,1.91338,3.02382e-05,3.02382e-05,3.02382e-05
173,2075.75,1.04839,0.85053,1.46242,0.89949,0.75656,0.84911,0.56937,1.33371,1.16541,1.86505,2.85553e-05,2.85553e-05,2.85553e-05
174,2088.28,0.98524,0.81568,1.4339,0.90535,0.74512,0.84367,0.57182,1.33297,1.17213,1.87726,2.69277e-05,2.69277e-05,2.69277e-05
175,2100.79,0.982,0.83913,1.4035,0.91234,0.73908,0.84323,0.56797,1.31492,1.15324,1.86743,2.53557e-05,2.53557e-05,2.53557e-05
176,2112.58,0.98045,0.8193,1.40004,0.94492,0.69702,0.84088,0.56045,1.32191,1.12951,1.86354,2.38398e-05,2.38398e-05,2.38398e-05
177,2124.42,0.98195,0.82621,1.43966,0.93124,0.691,0.84396,0.55365,1.33732,1.12592,1.87372,2.23803e-05,2.23803e-05,2.23803e-05
178,2136.28,0.98273,0.79648,1.43158,0.8376,0.76533,0.84779,0.55641,1.35895,1.13859,1.89338,2.09776e-05,2.09776e-05,2.09776e-05
179,2148.35,1.0319,0.87349,1.45684,0.83741,0.75187,0.84978,0.55525,1.37868,1.1541,1.91726,1.9632e-05,1.9632e-05,1.9632e-05
180,2160.23,0.96457,0.79051,1.42039,0.88104,0.75133,0.84175,0.5518,1.38156,1.18606,1.91629,1.83439e-05,1.83439e-05,1.83439e-05
181,2171.96,0.98563,0.86901,1.45571,0.88818,0.75378,0.84479,0.55179,1.36445,1.12975,1.90034,1.71135e-05,1.71135e-05,1.71135e-05
182,2183.78,0.97562,0.76305,1.40922,0.81109,0.77483,0.84835,0.54909,1.36211,1.12347,1.90327,1.59412e-05,1.59412e-05,1.59412e-05
183,2195.59,0.97995,0.85267,1.41895,0.91785,0.70305,0.8496,0.54807,1.36299,1.1098,1.89511,1.48273e-05,1.48273e-05,1.48273e-05
184,2207.39,0.97898,0.81442,1.42234,0.93156,0.70153,0.84926,0.555,1.37154,1.12699,1.90137,1.3772e-05,1.3772e-05,1.3772e-05
185,2219.19,0.98477,0.87897,1.41445,0.74791,0.8465,0.85278,0.55044,1.37802,1.14068,1.90359,1.27757e-05,1.27757e-05,1.27757e-05
186,2231,1.02549,0.83634,1.45968,0.9153,0.70044,0.861,0.55977,1.37508,1.15125,1.89816,1.18384e-05,1.18384e-05,1.18384e-05
187,2242.78,0.98165,0.83022,1.39169,0.81085,0.81504,0.86337,0.55778,1.381,1.14507,1.90029,1.09606e-05,1.09606e-05,1.09606e-05
188,2254.91,0.96734,0.8328,1.41887,0.74842,0.8455,0.86107,0.5571,1.36872,1.16477,1.89445,1.01424e-05,1.01424e-05,1.01424e-05
189,2266.76,0.93446,0.78584,1.35647,0.75981,0.83568,0.86095,0.55005,1.3818,1.17129,1.91213,9.38391e-06,9.38391e-06,9.38391e-06
190,2278.57,0.99308,0.79805,1.42466,0.7616,0.86829,0.86224,0.55086,1.37236,1.15335,1.90114,8.68544e-06,8.68544e-06,8.68544e-06
191,2291.54,0.83353,0.56624,1.33973,0.73128,0.87491,0.86018,0.54584,1.35828,1.15918,1.89018,8.04714e-06,8.04714e-06,8.04714e-06
192,2303.29,0.82882,0.5512,1.29729,0.74862,0.87195,0.86247,0.55515,1.36906,1.18007,1.90366,7.46914e-06,7.46914e-06,7.46914e-06
193,2315.04,0.81527,0.54892,1.30583,0.74244,0.87491,0.85869,0.55639,1.36439,1.17098,1.90747,6.95161e-06,6.95161e-06,6.95161e-06
194,2326.8,0.82712,0.54547,1.32895,0.88793,0.73304,0.86028,0.55788,1.36628,1.16994,1.90917,6.49466e-06,6.49466e-06,6.49466e-06
195,2338.59,0.84946,0.57228,1.33164,0.9401,0.69268,0.8549,0.55058,1.37136,1.16121,1.90935,6.09841e-06,6.09841e-06,6.09841e-06
196,2350.77,0.80264,0.53805,1.28948,0.93753,0.68498,0.85356,0.55012,1.36805,1.13197,1.90756,5.76296e-06,5.76296e-06,5.76296e-06
197,2362.61,0.79527,0.54797,1.31731,0.94448,0.69016,0.85585,0.55249,1.3664,1.11551,1.90547,5.48838e-06,5.48838e-06,5.48838e-06
198,2374.4,0.79375,0.52255,1.29196,0.93573,0.68699,0.84546,0.55093,1.36129,1.12468,1.90241,5.27476e-06,5.27476e-06,5.27476e-06
199,2386.2,0.79166,0.52659,1.2951,0.93597,0.69206,0.84292,0.54691,1.3615,1.12203,1.90356,5.12213e-06,5.12213e-06,5.12213e-06
200,2398,0.82045,0.53547,1.31759,0.93535,0.69527,0.8436,0.54582,1.36179,1.12031,1.90368,5.03053e-06,5.03053e-06,5.03053e-06
